Usage date,Interval,Total cost
7/14/2025,12:0 AM,$0.11
7/14/2025,1:0 AM,$0.11
7/14/2025,2:0 AM,$0.12
7/14/2025,3:0 AM,$0.11
7/14/2025,4:0 AM,$0.10
7/14/2025,5:0 AM,$0.11
7/14/2025,6:0 AM,$0.05
7/14/2025,7:0 AM,$0.12
7/14/2025,8:0 AM,$0.11
7/14/2025,9:0 AM,$0.12
7/14/2025,10:0 AM,$0.10
7/14/2025,11:0 AM,$0.37
7/14/2025,12:0 PM,$0.50
7/14/2025,1:0 PM,$0.48
7/14/2025,2:0 PM,$0.49
7/14/2025,3:0 PM,$0.45
7/14/2025,4:0 PM,$0.21
7/14/2025,5:0 PM,$0.33
7/14/2025,6:0 PM,$0.49
7/14/2025,7:0 PM,$0.48
7/14/2025,8:0 PM,$0.63
7/14/2025,9:0 PM,$0.67
7/14/2025,10:0 PM,$0.28
7/14/2025,11:0 PM,$0.26
7/15/2025,12:0 AM,$0.16
7/15/2025,1:0 AM,$0.12
7/15/2025,2:0 AM,$0.15
7/15/2025,3:0 AM,$0.13
7/15/2025,4:0 AM,$0.14
7/15/2025,5:0 AM,$0.14
7/15/2025,6:0 AM,$0.18
7/15/2025,7:0 AM,$0.13
7/15/2025,8:0 AM,$0.20
7/15/2025,9:0 AM,$0.07
7/15/2025,10:0 AM,$0.06
7/15/2025,11:0 AM,$0.06
7/15/2025,12:0 PM,$0.05
7/15/2025,1:0 PM,$0.20
7/15/2025,2:0 PM,$0.14
7/15/2025,3:0 PM,$0.15
7/15/2025,4:0 PM,$0.16
7/15/2025,5:0 PM,$0.22
7/15/2025,6:0 PM,$0.44
7/15/2025,7:0 PM,$0.48
7/15/2025,8:0 PM,$0.30
7/15/2025,9:0 PM,$0.29
7/15/2025,10:0 PM,$0.30
7/15/2025,11:0 PM,$0.15
7/16/2025,12:0 AM,$0.14
7/16/2025,1:0 AM,$0.12
7/16/2025,2:0 AM,$0.13
7/16/2025,3:0 AM,$0.11
7/16/2025,4:0 AM,$0.13
7/16/2025,5:0 AM,$0.07
7/16/2025,6:0 AM,$0.13
7/16/2025,7:0 AM,$0.14
7/16/2025,8:0 AM,$0.20
7/16/2025,9:0 AM,$0.05
7/16/2025,10:0 AM,$0.05
7/16/2025,11:0 AM,$0.04
7/16/2025,12:0 PM,$0.11
7/16/2025,1:0 PM,$0.04
7/16/2025,2:0 PM,$0.04
7/16/2025,3:0 PM,$0.04
7/16/2025,4:0 PM,$0.11
7/16/2025,5:0 PM,$0.11
7/16/2025,6:0 PM,$0.28
7/16/2025,7:0 PM,$0.18
7/16/2025,8:0 PM,$0.36
7/16/2025,9:0 PM,$0.28
7/16/2025,10:0 PM,$0.22
7/16/2025,11:0 PM,$0.13
7/17/2025,12:0 AM,$0.14
7/17/2025,1:0 AM,$0.13
7/17/2025,2:0 AM,$0.06
7/17/2025,3:0 AM,$0.18
7/17/2025,4:0 AM,$0.12
7/17/2025,5:0 AM,$0.05
7/17/2025,6:0 AM,$0.13
7/17/2025,7:0 AM,$0.05
7/17/2025,8:0 AM,$0.12
7/17/2025,9:0 AM,$0.04
7/17/2025,10:0 AM,$0.12
7/17/2025,11:0 AM,$0.10
7/17/2025,12:0 PM,$0.05
7/17/2025,1:0 PM,$0.05
7/17/2025,2:0 PM,$0.05
7/17/2025,3:0 PM,$0.05
7/17/2025,4:0 PM,$0.04
7/17/2025,5:0 PM,$0.05
7/17/2025,6:0 PM,$0.36
7/17/2025,7:0 PM,$0.30
7/17/2025,8:0 PM,$0.25
7/17/2025,9:0 PM,$0.32
7/17/2025,10:0 PM,$0.39
7/17/2025,11:0 PM,$0.40
7/18/2025,12:0 AM,$0.19
7/18/2025,1:0 AM,$0.11
7/18/2025,2:0 AM,$0.22
7/18/2025,3:0 AM,$0.11
7/18/2025,4:0 AM,$0.10
7/18/2025,5:0 AM,$0.14
7/18/2025,6:0 AM,$0.10
7/18/2025,7:0 AM,$0.10
7/18/2025,8:0 AM,$0.07
7/18/2025,9:0 AM,$0.07
7/18/2025,10:0 AM,$0.14
7/18/2025,11:0 AM,$0.08
7/18/2025,12:0 PM,$0.08
7/18/2025,1:0 PM,$0.13
7/18/2025,2:0 PM,$0.17
7/18/2025,3:0 PM,$0.22
7/18/2025,4:0 PM,$0.14
7/18/2025,5:0 PM,$0.39
7/18/2025,6:0 PM,$0.58
7/18/2025,7:0 PM,$0.48
7/18/2025,8:0 PM,$0.48
7/18/2025,9:0 PM,$0.46
7/18/2025,10:0 PM,$0.30
7/18/2025,11:0 PM,$0.31
7/19/2025,12:0 AM,$0.18
7/19/2025,1:0 AM,$0.16
7/19/2025,2:0 AM,$0.15
7/19/2025,3:0 AM,$0.10
7/19/2025,4:0 AM,$0.15
7/19/2025,5:0 AM,$0.10
7/19/2025,6:0 AM,$0.14
7/19/2025,7:0 AM,$0.10
7/19/2025,8:0 AM,$0.18
7/19/2025,9:0 AM,$0.16
7/19/2025,10:0 AM,$0.16
7/19/2025,11:0 AM,$0.06
7/19/2025,12:0 PM,$0.08
7/19/2025,1:0 PM,$0.14
7/19/2025,2:0 PM,$0.30
7/19/2025,3:0 PM,$0.27
7/19/2025,4:0 PM,$0.31
7/19/2025,5:0 PM,$0.20
7/19/2025,6:0 PM,$0.50
7/19/2025,7:0 PM,$0.40
7/19/2025,8:0 PM,$0.29
7/19/2025,9:0 PM,$0.37
7/19/2025,10:0 PM,$0.85
7/19/2025,11:0 PM,$0.33
7/20/2025,12:0 AM,$0.53
7/20/2025,1:0 AM,$0.29
7/20/2025,2:0 AM,$0.11
7/20/2025,3:0 AM,$0.14
7/20/2025,4:0 AM,$0.11
7/20/2025,5:0 AM,$0.09
7/20/2025,6:0 AM,$0.09
7/20/2025,7:0 AM,$0.09
7/20/2025,8:0 AM,$0.09
7/20/2025,9:0 AM,$0.35
7/20/2025,10:0 AM,$0.66
7/20/2025,11:0 AM,$0.19
7/20/2025,12:0 PM,$0.15
7/20/2025,1:0 PM,$0.15
7/20/2025,2:0 PM,$0.30
7/20/2025,3:0 PM,$0.11
7/20/2025,4:0 PM,$0.13
7/20/2025,5:0 PM,$0.04
7/20/2025,6:0 PM,$0.04
7/20/2025,7:0 PM,$0.07
7/20/2025,8:0 PM,$0.54
7/20/2025,9:0 PM,$0.47
7/20/2025,10:0 PM,$0.18
7/20/2025,11:0 PM,$0.10
7/21/2025,12:0 AM,$0.10
7/21/2025,1:0 AM,$0.10
7/21/2025,2:0 AM,$0.10
7/21/2025,3:0 AM,$0.10
7/21/2025,4:0 AM,$0.05
7/21/2025,5:0 AM,$0.10
7/21/2025,6:0 AM,$0.16
7/21/2025,7:0 AM,$0.06
7/21/2025,8:0 AM,$0.14
7/21/2025,9:0 AM,$0.13
7/21/2025,10:0 AM,$0.18
7/21/2025,11:0 AM,$0.13
7/21/2025,12:0 PM,$0.18
7/21/2025,1:0 PM,$0.28
7/21/2025,2:0 PM,$0.22
7/21/2025,3:0 PM,$0.22
7/21/2025,4:0 PM,$0.37
7/21/2025,5:0 PM,$0.20
7/21/2025,6:0 PM,$0.14
7/21/2025,7:0 PM,$0.12
7/21/2025,8:0 PM,$0.21
7/21/2025,9:0 PM,$0.18
7/21/2025,10:0 PM,$0.21
7/21/2025,11:0 PM,$0.20
7/22/2025,12:0 AM,$0.13
7/22/2025,1:0 AM,$0.12
7/22/2025,2:0 AM,$0.10
7/22/2025,3:0 AM,$0.12
7/22/2025,4:0 AM,$0.13
7/22/2025,5:0 AM,$0.12
7/22/2025,6:0 AM,$0.10
7/22/2025,7:0 AM,$0.09
7/22/2025,8:0 AM,$0.26
7/22/2025,9:0 AM,$0.36
7/22/2025,10:0 AM,$0.64
7/22/2025,11:0 AM,$0.30
7/22/2025,12:0 PM,$0.37
7/22/2025,1:0 PM,$0.29
7/22/2025,2:0 PM,$0.27
7/22/2025,3:0 PM,$0.42
7/22/2025,4:0 PM,$0.25
7/22/2025,5:0 PM,$0.17
7/22/2025,6:0 PM,$0.55
7/22/2025,7:0 PM,$0.31
7/22/2025,8:0 PM,$0.16
7/22/2025,9:0 PM,$0.19
7/22/2025,10:0 PM,$0.33
7/22/2025,11:0 PM,$0.13
7/23/2025,12:0 AM,$0.12
7/23/2025,1:0 AM,$0.11
7/23/2025,2:0 AM,$0.18
7/23/2025,3:0 AM,$0.11
7/23/2025,4:0 AM,$0.12
7/23/2025,5:0 AM,$0.12
7/23/2025,6:0 AM,$0.11
7/23/2025,7:0 AM,$0.11
7/23/2025,8:0 AM,$0.13
7/23/2025,9:0 AM,$0.39
7/23/2025,10:0 AM,$0.27
7/23/2025,11:0 AM,$0.15
7/23/2025,12:0 PM,$0.26
7/23/2025,1:0 PM,$0.18
7/23/2025,2:0 PM,$0.21
7/23/2025,3:0 PM,$0.23
7/23/2025,4:0 PM,$0.28
7/23/2025,5:0 PM,$0.18
7/23/2025,6:0 PM,$0.24
7/23/2025,7:0 PM,$0.47
7/23/2025,8:0 PM,$0.31
7/23/2025,9:0 PM,$0.34
7/23/2025,10:0 PM,$0.32
7/23/2025,11:0 PM,$0.14
7/24/2025,12:0 AM,$0.18
7/24/2025,1:0 AM,$0.19
7/24/2025,2:0 AM,$0.12
7/24/2025,3:0 AM,$0.10
7/24/2025,4:0 AM,$0.07
7/24/2025,5:0 AM,$0.12
7/24/2025,6:0 AM,$0.11
7/24/2025,7:0 AM,$0.12
7/24/2025,8:0 AM,$0.16
7/24/2025,9:0 AM,$0.23
7/24/2025,10:0 AM,$0.24
7/24/2025,11:0 AM,$0.27
7/24/2025,12:0 PM,$0.27
7/24/2025,1:0 PM,$0.30
7/24/2025,2:0 PM,$0.25
7/24/2025,3:0 PM,$0.24
7/24/2025,4:0 PM,$0.32
7/24/2025,5:0 PM,$0.35
7/24/2025,6:0 PM,$0.22
7/24/2025,7:0 PM,$0.21
7/24/2025,8:0 PM,$0.28
7/24/2025,9:0 PM,$0.23
7/24/2025,10:0 PM,$0.45
7/24/2025,11:0 PM,$0.28
7/25/2025,12:0 AM,$0.15
7/25/2025,1:0 AM,$0.14
7/25/2025,2:0 AM,$0.13
7/25/2025,3:0 AM,$0.12
7/25/2025,4:0 AM,$0.13
7/25/2025,5:0 AM,$0.11
7/25/2025,6:0 AM,$0.17
7/25/2025,7:0 AM,$0.08
7/25/2025,8:0 AM,$0.20
7/25/2025,9:0 AM,$0.15
7/25/2025,10:0 AM,$0.15
7/25/2025,11:0 AM,$0.20
7/25/2025,12:0 PM,$0.14
7/25/2025,1:0 PM,$0.27
7/25/2025,2:0 PM,$0.29
7/25/2025,3:0 PM,$0.24
7/25/2025,4:0 PM,$0.30
7/25/2025,5:0 PM,$0.23
7/25/2025,6:0 PM,$0.24
7/25/2025,7:0 PM,$0.28
7/25/2025,8:0 PM,$0.52
7/25/2025,9:0 PM,$0.31
7/25/2025,10:0 PM,$0.35
7/25/2025,11:0 PM,$0.17
7/26/2025,12:0 AM,$0.12
7/26/2025,1:0 AM,$0.07
7/26/2025,2:0 AM,$0.11
7/26/2025,3:0 AM,$0.10
7/26/2025,4:0 AM,$0.10
7/26/2025,5:0 AM,$0.05
7/26/2025,6:0 AM,$0.10
7/26/2025,7:0 AM,$0.09
7/26/2025,8:0 AM,$0.05
7/26/2025,9:0 AM,$0.19
7/26/2025,10:0 AM,$0.11
7/26/2025,11:0 AM,$0.13
7/26/2025,12:0 PM,$0.15
7/26/2025,1:0 PM,$0.18
7/26/2025,2:0 PM,$0.06
7/26/2025,3:0 PM,$0.05
7/26/2025,4:0 PM,$0.06
7/26/2025,5:0 PM,$0.40
7/26/2025,6:0 PM,$0.64
7/26/2025,7:0 PM,$0.22
7/26/2025,8:0 PM,$0.22
7/26/2025,9:0 PM,$0.15
7/26/2025,10:0 PM,$0.14
7/26/2025,11:0 PM,$0.10
7/27/2025,12:0 AM,$0.59
7/27/2025,1:0 AM,$0.18
7/27/2025,2:0 AM,$0.23
7/27/2025,3:0 AM,$0.12
7/27/2025,4:0 AM,$0.16
7/27/2025,5:0 AM,$0.11
7/27/2025,6:0 AM,$0.12
7/27/2025,7:0 AM,$0.12
7/27/2025,8:0 AM,$0.09
7/27/2025,9:0 AM,$0.11
7/27/2025,10:0 AM,$0.11
7/27/2025,11:0 AM,$0.27
7/27/2025,12:0 PM,$0.47
7/27/2025,1:0 PM,$0.61
7/27/2025,2:0 PM,$0.12
7/27/2025,3:0 PM,$0.05
7/27/2025,4:0 PM,$0.25
7/27/2025,5:0 PM,$0.23
7/27/2025,6:0 PM,$0.19
7/27/2025,7:0 PM,$0.23
7/27/2025,8:0 PM,$0.36
7/27/2025,9:0 PM,$0.18
7/27/2025,10:0 PM,$0.18
7/27/2025,11:0 PM,$0.23
7/28/2025,12:0 AM,$0.14
7/28/2025,1:0 AM,$0.15
7/28/2025,2:0 AM,$0.10
7/28/2025,3:0 AM,$0.14
7/28/2025,4:0 AM,$0.11
7/28/2025,5:0 AM,$0.10
7/28/2025,6:0 AM,$0.11
7/28/2025,7:0 AM,$0.10
7/28/2025,8:0 AM,$0.10
7/28/2025,9:0 AM,$0.11
7/28/2025,10:0 AM,$0.05
7/28/2025,11:0 AM,$0.30
7/28/2025,12:0 PM,$0.55
7/28/2025,1:0 PM,$0.43
7/28/2025,2:0 PM,$0.74
7/28/2025,3:0 PM,$0.43
7/28/2025,4:0 PM,$0.85
7/28/2025,5:0 PM,$0.26
7/28/2025,6:0 PM,$0.21
7/28/2025,7:0 PM,$0.44
7/28/2025,8:0 PM,$0.20
7/28/2025,9:0 PM,$0.33
7/28/2025,10:0 PM,$0.20
7/28/2025,11:0 PM,$0.23
7/29/2025,12:0 AM,$0.12
7/29/2025,1:0 AM,$0.15
7/29/2025,2:0 AM,$0.23
7/29/2025,3:0 AM,$0.11
7/29/2025,4:0 AM,$0.12
7/29/2025,5:0 AM,$0.16
7/29/2025,6:0 AM,$0.13
7/29/2025,7:0 AM,$0.10
7/29/2025,8:0 AM,$0.16
7/29/2025,9:0 AM,$0.22
7/29/2025,10:0 AM,$0.24
7/29/2025,11:0 AM,$0.11
7/29/2025,12:0 PM,$0.11
7/29/2025,1:0 PM,$0.05
7/29/2025,2:0 PM,$0.05
7/29/2025,3:0 PM,$0.04
7/29/2025,4:0 PM,$0.04
7/29/2025,5:0 PM,$0.16
7/29/2025,6:0 PM,$0.43
7/29/2025,7:0 PM,$0.43
7/29/2025,8:0 PM,$0.47
7/29/2025,9:0 PM,$0.25
7/29/2025,10:0 PM,$0.27
7/29/2025,11:0 PM,$0.24
7/30/2025,12:0 AM,$0.28
7/30/2025,1:0 AM,$0.14
7/30/2025,2:0 AM,$0.16
7/30/2025,3:0 AM,$0.16
7/30/2025,4:0 AM,$0.11
7/30/2025,5:0 AM,$0.15
7/30/2025,6:0 AM,$0.11
7/30/2025,7:0 AM,$0.10
7/30/2025,8:0 AM,$0.10
7/30/2025,9:0 AM,$0.26
7/30/2025,10:0 AM,$0.06
7/30/2025,11:0 AM,$0.05
7/30/2025,12:0 PM,$0.05
7/30/2025,1:0 PM,$0.04
7/30/2025,2:0 PM,$0.04
7/30/2025,3:0 PM,$0.04
7/30/2025,4:0 PM,$0.04
7/30/2025,5:0 PM,$0.14
7/30/2025,6:0 PM,$0.46
7/30/2025,7:0 PM,$0.44
7/30/2025,8:0 PM,$0.44
7/30/2025,9:0 PM,$0.25
7/30/2025,10:0 PM,$0.25
7/30/2025,11:0 PM,$0.27
7/31/2025,12:0 AM,$0.24
7/31/2025,1:0 AM,$0.20
7/31/2025,2:0 AM,$0.17
7/31/2025,3:0 AM,$0.17
7/31/2025,4:0 AM,$0.12
7/31/2025,5:0 AM,$0.17
7/31/2025,6:0 AM,$0.10
7/31/2025,7:0 AM,$0.16
7/31/2025,8:0 AM,$0.10
7/31/2025,9:0 AM,$0.18
7/31/2025,10:0 AM,$0.22
7/31/2025,11:0 AM,$0.22
7/31/2025,12:0 PM,$0.22
7/31/2025,1:0 PM,$0.20
7/31/2025,2:0 PM,$0.25
7/31/2025,3:0 PM,$0.24
7/31/2025,4:0 PM,$0.35
7/31/2025,5:0 PM,$0.33
7/31/2025,6:0 PM,$0.32
7/31/2025,7:0 PM,$0.25
7/31/2025,8:0 PM,$0.57
7/31/2025,9:0 PM,$0.33
7/31/2025,10:0 PM,$0.41
7/31/2025,11:0 PM,$0.15
8/1/2025,12:0 AM,$0.28
8/1/2025,1:0 AM,$0.19
8/1/2025,2:0 AM,$0.12
8/1/2025,3:0 AM,$0.18
8/1/2025,4:0 AM,$0.10
8/1/2025,5:0 AM,$0.12
8/1/2025,6:0 AM,$0.18
8/1/2025,7:0 AM,$0.10
8/1/2025,8:0 AM,$0.11
8/1/2025,9:0 AM,$0.15
8/1/2025,10:0 AM,$0.05
8/1/2025,11:0 AM,$0.08
8/1/2025,12:0 PM,$0.14
8/1/2025,1:0 PM,$0.21
8/1/2025,2:0 PM,$0.21
8/1/2025,3:0 PM,$0.24
8/1/2025,4:0 PM,$0.28
8/1/2025,5:0 PM,$0.34
8/1/2025,6:0 PM,$0.26
8/1/2025,7:0 PM,$0.27
8/1/2025,8:0 PM,$0.16
8/1/2025,9:0 PM,$0.46
8/1/2025,10:0 PM,$0.34
8/1/2025,11:0 PM,$0.24
8/2/2025,12:0 AM,$0.31
8/2/2025,1:0 AM,$0.17
8/2/2025,2:0 AM,$0.17
8/2/2025,3:0 AM,$0.18
8/2/2025,4:0 AM,$0.15
8/2/2025,5:0 AM,$0.16
8/2/2025,6:0 AM,$0.12
8/2/2025,7:0 AM,$0.17
8/2/2025,8:0 AM,$0.14
8/2/2025,9:0 AM,$0.32
8/2/2025,10:0 AM,$0.27
8/2/2025,11:0 AM,$0.28
8/2/2025,12:0 PM,$0.28
8/2/2025,1:0 PM,$0.24
8/2/2025,2:0 PM,$0.35
8/2/2025,3:0 PM,$0.35
8/2/2025,4:0 PM,$0.38
8/2/2025,5:0 PM,$0.41
8/2/2025,6:0 PM,$0.42
8/2/2025,7:0 PM,$0.45
8/2/2025,8:0 PM,$0.27
8/2/2025,9:0 PM,$0.31
8/2/2025,10:0 PM,$0.45
8/2/2025,11:0 PM,$0.29
8/3/2025,12:0 AM,$0.13
8/3/2025,1:0 AM,$0.27
8/3/2025,2:0 AM,$0.12
8/3/2025,3:0 AM,$0.16
8/3/2025,4:0 AM,$0.14
8/3/2025,5:0 AM,$0.12
8/3/2025,6:0 AM,$0.11
8/3/2025,7:0 AM,$0.11
8/3/2025,8:0 AM,$0.09
8/3/2025,9:0 AM,$0.24
8/3/2025,10:0 AM,$0.14
8/3/2025,11:0 AM,$0.20
8/3/2025,12:0 PM,$0.33
8/3/2025,1:0 PM,$0.25
8/3/2025,2:0 PM,$0.26
8/3/2025,3:0 PM,$0.41
8/3/2025,4:0 PM,$0.30
8/3/2025,5:0 PM,$0.19
8/3/2025,6:0 PM,$0.05
8/3/2025,7:0 PM,$0.05
8/3/2025,8:0 PM,$0.31
8/3/2025,9:0 PM,$0.30
8/3/2025,10:0 PM,$0.22
8/3/2025,11:0 PM,$0.16
8/4/2025,12:0 AM,$0.21
8/4/2025,1:0 AM,$0.12
8/4/2025,2:0 AM,$0.14
8/4/2025,3:0 AM,$0.14
8/4/2025,4:0 AM,$0.15
8/4/2025,5:0 AM,$0.18
8/4/2025,6:0 AM,$0.13
8/4/2025,7:0 AM,$0.13
8/4/2025,8:0 AM,$0.20
8/4/2025,9:0 AM,$0.17
8/4/2025,10:0 AM,$0.14
8/4/2025,11:0 AM,$0.14
8/4/2025,12:0 PM,$0.22
8/4/2025,1:0 PM,$0.46
8/4/2025,2:0 PM,$0.36
8/4/2025,3:0 PM,$0.44
8/4/2025,4:0 PM,$0.92
8/4/2025,5:0 PM,$0.49
8/4/2025,6:0 PM,$0.64
8/4/2025,7:0 PM,$0.38
8/4/2025,8:0 PM,$0.27
8/4/2025,9:0 PM,$0.20
8/4/2025,10:0 PM,$0.25
8/4/2025,11:0 PM,$0.18
8/5/2025,12:0 AM,$0.13
8/5/2025,1:0 AM,$0.17
8/5/2025,2:0 AM,$0.12
8/5/2025,3:0 AM,$0.17
8/5/2025,4:0 AM,$0.25
8/5/2025,5:0 AM,$0.17
8/5/2025,6:0 AM,$0.10
8/5/2025,7:0 AM,$0.17
8/5/2025,8:0 AM,$0.15
8/5/2025,9:0 AM,$0.16
8/5/2025,10:0 AM,$0.18
8/5/2025,11:0 AM,$0.45
8/5/2025,12:0 PM,$0.38
8/5/2025,1:0 PM,$0.57
8/5/2025,2:0 PM,$0.41
8/5/2025,3:0 PM,$0.35
8/5/2025,4:0 PM,$0.48
8/5/2025,5:0 PM,$0.69
8/5/2025,6:0 PM,$0.42
8/5/2025,7:0 PM,$0.25
8/5/2025,8:0 PM,$0.40
8/5/2025,9:0 PM,$0.62
8/5/2025,10:0 PM,$0.39
8/5/2025,11:0 PM,$0.30
8/6/2025,12:0 AM,$0.14
8/6/2025,1:0 AM,$0.28
8/6/2025,2:0 AM,$0.19
8/6/2025,3:0 AM,$0.16
8/6/2025,4:0 AM,$0.16
8/6/2025,5:0 AM,$0.16
8/6/2025,6:0 AM,$0.14
8/6/2025,7:0 AM,$0.12
8/6/2025,8:0 AM,$0.15
8/6/2025,9:0 AM,$0.21
8/6/2025,10:0 AM,$0.27
8/6/2025,11:0 AM,$0.13
8/6/2025,12:0 PM,$0.21
8/6/2025,1:0 PM,$0.31
8/6/2025,2:0 PM,$0.32
8/6/2025,3:0 PM,$0.29
8/6/2025,4:0 PM,$0.39
8/6/2025,5:0 PM,$0.32
8/6/2025,6:0 PM,$0.38
8/6/2025,7:0 PM,$0.62
8/6/2025,8:0 PM,$0.33
8/6/2025,9:0 PM,$0.34
8/6/2025,10:0 PM,$0.28
8/6/2025,11:0 PM,$0.37
8/7/2025,12:0 AM,$0.21
8/7/2025,1:0 AM,$0.28
8/7/2025,2:0 AM,$0.23
8/7/2025,3:0 AM,$0.15
8/7/2025,4:0 AM,$0.21
8/7/2025,5:0 AM,$0.12
8/7/2025,6:0 AM,$0.15
8/7/2025,7:0 AM,$0.15
8/7/2025,8:0 AM,$0.13
8/7/2025,9:0 AM,$0.19
8/7/2025,10:0 AM,$0.20
8/7/2025,11:0 AM,$0.19
8/7/2025,12:0 PM,$0.35
8/7/2025,1:0 PM,$0.30
8/7/2025,2:0 PM,$0.26
8/7/2025,3:0 PM,$0.31
8/7/2025,4:0 PM,$0.14
8/7/2025,5:0 PM,$0.45
8/7/2025,6:0 PM,$0.30
8/7/2025,7:0 PM,$0.07
8/7/2025,8:0 PM,$0.42
8/7/2025,9:0 PM,$0.38
8/7/2025,10:0 PM,$0.30
8/7/2025,11:0 PM,$0.25
8/8/2025,12:0 AM,$0.20
8/8/2025,1:0 AM,$0.23
8/8/2025,2:0 AM,$0.17
8/8/2025,3:0 AM,$0.17
8/8/2025,4:0 AM,$0.11
8/8/2025,5:0 AM,$0.16
8/8/2025,6:0 AM,$0.11
8/8/2025,7:0 AM,$0.12
8/8/2025,8:0 AM,$0.16
8/8/2025,9:0 AM,$0.12
8/8/2025,10:0 AM,$0.15
8/8/2025,11:0 AM,$0.18
8/8/2025,12:0 PM,$0.26
8/8/2025,1:0 PM,$0.39
8/8/2025,2:0 PM,$0.30
8/8/2025,3:0 PM,$0.37
8/8/2025,4:0 PM,$0.29
8/8/2025,5:0 PM,$0.35
8/8/2025,6:0 PM,$0.56
8/8/2025,7:0 PM,$0.33
8/8/2025,8:0 PM,$0.33
8/8/2025,9:0 PM,$0.39
8/8/2025,10:0 PM,$0.31
8/8/2025,11:0 PM,$0.32
8/9/2025,12:0 AM,$0.29
8/9/2025,1:0 AM,$0.18
8/9/2025,2:0 AM,$0.16
8/9/2025,3:0 AM,$0.16
8/9/2025,4:0 AM,$0.15
8/9/2025,5:0 AM,$0.10
8/9/2025,6:0 AM,$0.15
8/9/2025,7:0 AM,$0.11
8/9/2025,8:0 AM,$0.15
8/9/2025,9:0 AM,$0.10
8/9/2025,10:0 AM,$0.17
8/9/2025,11:0 AM,$0.05
8/9/2025,12:0 PM,$0.11
8/9/2025,1:0 PM,$0.22
8/9/2025,2:0 PM,$0.33
8/9/2025,3:0 PM,$0.34
8/9/2025,4:0 PM,$0.39
8/9/2025,5:0 PM,$0.36
8/9/2025,6:0 PM,$0.23
8/9/2025,7:0 PM,$0.18
8/9/2025,8:0 PM,$0.17
8/9/2025,9:0 PM,$0.30
8/9/2025,10:0 PM,$0.26
8/9/2025,11:0 PM,$0.17
8/10/2025,12:0 AM,$0.16
8/10/2025,1:0 AM,$0.12
8/10/2025,2:0 AM,$0.15
8/10/2025,3:0 AM,$0.10
8/10/2025,4:0 AM,$0.11
8/10/2025,5:0 AM,$0.12
8/10/2025,6:0 AM,$0.15
8/10/2025,7:0 AM,$0.09
8/10/2025,8:0 AM,$0.10
8/10/2025,9:0 AM,$0.11
8/10/2025,10:0 AM,$0.21
8/10/2025,11:0 AM,$0.14
8/10/2025,12:0 PM,$0.34
8/10/2025,1:0 PM,$0.17
8/10/2025,2:0 PM,$0.17
8/10/2025,3:0 PM,$0.52
8/10/2025,4:0 PM,$0.16
8/10/2025,5:0 PM,$0.19
8/10/2025,6:0 PM,$0.30
8/10/2025,7:0 PM,$0.16
8/10/2025,8:0 PM,$0.22
8/10/2025,9:0 PM,$0.26
8/10/2025,10:0 PM,$0.22
8/10/2025,11:0 PM,$0.16
8/11/2025,12:0 AM,$0.15
8/11/2025,1:0 AM,$0.17
8/11/2025,2:0 AM,$0.16
8/11/2025,3:0 AM,$0.12
8/11/2025,4:0 AM,$0.21
8/11/2025,5:0 AM,$0.12
8/11/2025,6:0 AM,$0.13
8/11/2025,7:0 AM,$0.13
8/11/2025,8:0 AM,$0.13
8/11/2025,9:0 AM,$0.10
8/11/2025,10:0 AM,$0.15
8/11/2025,11:0 AM,$0.17
8/11/2025,12:0 PM,$0.10
8/11/2025,1:0 PM,$0.30
8/11/2025,2:0 PM,$0.36
8/11/2025,3:0 PM,$0.17
8/11/2025,4:0 PM,$0.12
8/11/2025,5:0 PM,$0.69
8/11/2025,6:0 PM,$1.08
8/11/2025,7:0 PM,$1.00
8/11/2025,8:0 PM,$0.94
8/11/2025,9:0 PM,$0.54
8/11/2025,10:0 PM,$0.23
8/11/2025,11:0 PM,$0.21
8/12/2025,12:0 AM,$0.25
8/12/2025,1:0 AM,$0.21
8/12/2025,2:0 AM,$0.19
8/12/2025,3:0 AM,$0.14
8/12/2025,4:0 AM,$0.19
8/12/2025,5:0 AM,$0.17
8/12/2025,6:0 AM,$0.11
8/12/2025,7:0 AM,$0.17
8/12/2025,8:0 AM,$0.06
8/12/2025,9:0 AM,$0.28
8/12/2025,10:0 AM,$0.05
8/12/2025,11:0 AM,$0.09
8/12/2025,12:0 PM,$0.12
8/12/2025,1:0 PM,$0.05
8/12/2025,2:0 PM,$0.05
8/12/2025,3:0 PM,$0.05
8/12/2025,4:0 PM,$0.05
8/12/2025,5:0 PM,$0.18
8/12/2025,6:0 PM,$0.50
8/12/2025,7:0 PM,$0.47
8/12/2025,8:0 PM,$0.29
8/12/2025,9:0 PM,$0.20
8/12/2025,10:0 PM,$0.29
8/12/2025,11:0 PM,$0.18
8/13/2025,12:0 AM,$0.19
8/13/2025,1:0 AM,$0.12
8/13/2025,2:0 AM,$0.17
8/13/2025,3:0 AM,$0.12
8/13/2025,4:0 AM,$0.12
8/13/2025,5:0 AM,$0.13
8/13/2025,6:0 AM,$0.14
8/13/2025,7:0 AM,$0.17
8/13/2025,8:0 AM,$0.10
8/13/2025,9:0 AM,$0.11
8/13/2025,10:0 AM,$0.12
8/13/2025,11:0 AM,$0.10
8/13/2025,12:0 PM,$0.10
8/13/2025,1:0 PM,$0.05
8/13/2025,2:0 PM,$0.04
8/13/2025,3:0 PM,$0.04
8/13/2025,4:0 PM,$0.04
8/13/2025,5:0 PM,$0.16
8/13/2025,6:0 PM,$0.45
8/13/2025,7:0 PM,$0.64
8/13/2025,8:0 PM,$0.40
8/13/2025,9:0 PM,$0.28
8/13/2025,10:0 PM,$0.30
8/13/2025,11:0 PM,$0.19
8/14/2025,12:0 AM,$0.21
8/14/2025,1:0 AM,$0.15
8/14/2025,2:0 AM,$0.16
8/14/2025,3:0 AM,$0.16
8/14/2025,4:0 AM,$0.10
8/14/2025,5:0 AM,$0.14
8/14/2025,6:0 AM,$0.10
8/14/2025,7:0 AM,$0.11
8/14/2025,8:0 AM,$0.14
8/14/2025,9:0 AM,$0.10
8/14/2025,10:0 AM,$0.17
8/14/2025,11:0 AM,$0.06
8/14/2025,12:0 PM,$0.05
8/14/2025,1:0 PM,$0.10
8/14/2025,2:0 PM,$0.05
8/14/2025,3:0 PM,$0.11
8/14/2025,4:0 PM,$0.04
8/14/2025,5:0 PM,$0.10
8/14/2025,6:0 PM,$0.09
8/14/2025,7:0 PM,$0.10
8/14/2025,8:0 PM,$0.37
8/14/2025,9:0 PM,$0.31
8/14/2025,10:0 PM,$0.21
8/14/2025,11:0 PM,$0.17
8/15/2025,12:0 AM,$0.11
8/15/2025,1:0 AM,$0.11
8/15/2025,2:0 AM,$0.12
8/15/2025,3:0 AM,$0.14
8/15/2025,4:0 AM,$0.09
8/15/2025,5:0 AM,$0.09
8/15/2025,6:0 AM,$0.09
8/15/2025,7:0 AM,$0.06
8/15/2025,8:0 AM,$0.11
8/15/2025,9:0 AM,$0.10
8/15/2025,10:0 AM,$0.06
8/15/2025,11:0 AM,$0.08
8/15/2025,12:0 PM,$0.12
8/15/2025,1:0 PM,$0.21
8/15/2025,2:0 PM,$0.19
8/15/2025,3:0 PM,$0.22
8/15/2025,4:0 PM,$0.23
8/15/2025,5:0 PM,$0.27
8/15/2025,6:0 PM,$0.27
8/15/2025,7:0 PM,$0.28
8/15/2025,8:0 PM,$0.28
8/15/2025,9:0 PM,$0.25
8/15/2025,10:0 PM,$0.24
8/15/2025,11:0 PM,$0.17
8/16/2025,12:0 AM,$0.10
8/16/2025,1:0 AM,$0.10
8/16/2025,2:0 AM,$0.14
8/16/2025,3:0 AM,$0.11
8/16/2025,4:0 AM,$0.09
8/16/2025,5:0 AM,$0.10
8/16/2025,6:0 AM,$0.10
8/16/2025,7:0 AM,$0.05
8/16/2025,8:0 AM,$0.15
8/16/2025,9:0 AM,$0.19
8/16/2025,10:0 AM,$0.11
8/16/2025,11:0 AM,$0.17
8/16/2025,12:0 PM,$0.16
8/16/2025,1:0 PM,$0.21
8/16/2025,2:0 PM,$0.18
8/16/2025,3:0 PM,$0.30
8/16/2025,4:0 PM,$0.23
8/16/2025,5:0 PM,$0.22
8/16/2025,6:0 PM,$0.22
8/16/2025,7:0 PM,$0.30
8/16/2025,8:0 PM,$0.34
8/16/2025,9:0 PM,$0.41
8/16/2025,10:0 PM,$0.20
8/16/2025,11:0 PM,$0.16
8/17/2025,12:0 AM,$0.15
8/17/2025,1:0 AM,$0.14
8/17/2025,2:0 AM,$0.08
8/17/2025,3:0 AM,$0.14
8/17/2025,4:0 AM,$0.08
8/17/2025,5:0 AM,$0.10
8/17/2025,6:0 AM,$0.14
8/17/2025,7:0 AM,$0.10
8/17/2025,8:0 AM,$0.11
8/17/2025,9:0 AM,$0.12
8/17/2025,10:0 AM,$0.33
8/17/2025,11:0 AM,$0.23
8/17/2025,12:0 PM,$0.20
8/17/2025,1:0 PM,$0.13
8/17/2025,2:0 PM,$0.17
8/17/2025,3:0 PM,$0.17
8/17/2025,4:0 PM,$0.25
8/17/2025,5:0 PM,$0.27
8/17/2025,6:0 PM,$0.13
8/17/2025,7:0 PM,$0.06
8/17/2025,8:0 PM,$0.44
8/17/2025,9:0 PM,$0.28
8/17/2025,10:0 PM,$0.13
8/17/2025,11:0 PM,$0.17
8/18/2025,12:0 AM,$0.12
8/18/2025,1:0 AM,$0.13
8/18/2025,2:0 AM,$0.11
8/18/2025,3:0 AM,$0.09
8/18/2025,4:0 AM,$0.09
8/18/2025,5:0 AM,$0.08
8/18/2025,6:0 AM,$0.15
8/18/2025,7:0 AM,$0.09
8/18/2025,8:0 AM,$0.12
8/18/2025,9:0 AM,$0.13
8/18/2025,10:0 AM,$0.27
8/18/2025,11:0 AM,$0.63
8/18/2025,12:0 PM,$0.37
8/18/2025,1:0 PM,$0.38
8/18/2025,2:0 PM,$0.74
8/18/2025,3:0 PM,$0.36
8/18/2025,4:0 PM,$0.33
8/18/2025,5:0 PM,$0.43
8/18/2025,6:0 PM,$0.19
8/18/2025,7:0 PM,$0.21
8/18/2025,8:0 PM,$0.36
8/18/2025,9:0 PM,$0.37
8/18/2025,10:0 PM,$0.21
8/18/2025,11:0 PM,$0.18
8/19/2025,12:0 AM,$0.23
8/19/2025,1:0 AM,$0.15
8/19/2025,2:0 AM,$0.14
8/19/2025,3:0 AM,$0.10
8/19/2025,4:0 AM,$0.10
8/19/2025,5:0 AM,$0.13
8/19/2025,6:0 AM,$0.13
8/19/2025,7:0 AM,$0.13
8/19/2025,8:0 AM,$0.08
8/19/2025,9:0 AM,$0.32
8/19/2025,10:0 AM,$0.35
8/19/2025,11:0 AM,$0.20
8/19/2025,12:0 PM,$0.34
8/19/2025,1:0 PM,$0.51
8/19/2025,2:0 PM,$0.21
8/19/2025,3:0 PM,$0.30
8/19/2025,4:0 PM,$0.22
8/19/2025,5:0 PM,$0.20
8/19/2025,6:0 PM,$0.18
8/19/2025,7:0 PM,$0.30
8/19/2025,8:0 PM,$0.24
8/19/2025,9:0 PM,$0.28
8/19/2025,10:0 PM,$0.18
8/19/2025,11:0 PM,$0.18
8/20/2025,12:0 AM,$0.15
8/20/2025,1:0 AM,$0.15
8/20/2025,2:0 AM,$0.14
8/20/2025,3:0 AM,$0.13
8/20/2025,4:0 AM,$0.11
8/20/2025,5:0 AM,$0.11
8/20/2025,6:0 AM,$0.10
8/20/2025,7:0 AM,$0.11
8/20/2025,8:0 AM,$0.17
8/20/2025,9:0 AM,$0.23
8/20/2025,10:0 AM,$0.19
8/20/2025,11:0 AM,$0.20
8/20/2025,12:0 PM,$0.15
8/20/2025,1:0 PM,$0.31
8/20/2025,2:0 PM,$0.23
8/20/2025,3:0 PM,$0.26
8/20/2025,4:0 PM,$0.27
8/20/2025,5:0 PM,$0.32
8/20/2025,6:0 PM,$0.27
8/20/2025,7:0 PM,$0.17
8/20/2025,8:0 PM,$0.17
8/20/2025,9:0 PM,$0.27
8/20/2025,10:0 PM,$0.21
8/20/2025,11:0 PM,$0.20
8/21/2025,12:0 AM,$0.20
8/21/2025,1:0 AM,$0.18
8/21/2025,2:0 AM,$0.12
8/21/2025,3:0 AM,$0.17
8/21/2025,4:0 AM,$0.11
8/21/2025,5:0 AM,$0.11
8/21/2025,6:0 AM,$0.11
8/21/2025,7:0 AM,$0.16
8/21/2025,8:0 AM,$0.33
8/21/2025,9:0 AM,$0.24
8/21/2025,10:0 AM,$0.28
8/21/2025,11:0 AM,$0.27
8/21/2025,12:0 PM,$0.17
8/21/2025,1:0 PM,$0.25
8/21/2025,2:0 PM,$0.25
8/21/2025,3:0 PM,$0.26
8/21/2025,4:0 PM,$0.38
8/21/2025,5:0 PM,$0.31
8/21/2025,6:0 PM,$0.20
8/21/2025,7:0 PM,$0.43
8/21/2025,8:0 PM,$0.35
8/21/2025,9:0 PM,$0.36
8/21/2025,10:0 PM,$0.35
8/21/2025,11:0 PM,$0.18
8/22/2025,12:0 AM,$0.12
8/22/2025,1:0 AM,$0.14
8/22/2025,2:0 AM,$0.14
8/22/2025,3:0 AM,$0.12
8/22/2025,4:0 AM,$0.11
8/22/2025,5:0 AM,$0.10
8/22/2025,6:0 AM,$0.11
8/22/2025,7:0 AM,$0.18
8/22/2025,8:0 AM,$0.13
8/22/2025,9:0 AM,$0.13
8/22/2025,10:0 AM,$0.18
8/22/2025,11:0 AM,$0.19
8/22/2025,12:0 PM,$0.16
8/22/2025,1:0 PM,$0.30
8/22/2025,2:0 PM,$0.30
8/22/2025,3:0 PM,$0.25
8/22/2025,4:0 PM,$0.27
8/22/2025,5:0 PM,$0.22
8/22/2025,6:0 PM,$0.24
8/22/2025,7:0 PM,$0.45
8/22/2025,8:0 PM,$0.13
8/22/2025,9:0 PM,$0.12
8/22/2025,10:0 PM,$0.19
8/22/2025,11:0 PM,$0.20
8/23/2025,12:0 AM,$0.18
8/23/2025,1:0 AM,$0.12
8/23/2025,2:0 AM,$0.12
8/23/2025,3:0 AM,$0.12
8/23/2025,4:0 AM,$0.15
8/23/2025,5:0 AM,$0.11
8/23/2025,6:0 AM,$0.10
8/23/2025,7:0 AM,$0.07
8/23/2025,8:0 AM,$0.12
8/23/2025,9:0 AM,$0.17
8/23/2025,10:0 AM,$0.10
8/23/2025,11:0 AM,$0.10
8/23/2025,12:0 PM,$0.05
8/23/2025,1:0 PM,$0.05
8/23/2025,2:0 PM,$0.04
8/23/2025,3:0 PM,$0.05
8/23/2025,4:0 PM,$0.16
8/23/2025,5:0 PM,$0.12
8/23/2025,6:0 PM,$0.22
8/23/2025,7:0 PM,$0.46
8/23/2025,8:0 PM,$0.49
8/23/2025,9:0 PM,$0.39
8/23/2025,10:0 PM,$0.21
8/23/2025,11:0 PM,$0.20
8/24/2025,12:0 AM,$0.27
8/24/2025,1:0 AM,$0.13
8/24/2025,2:0 AM,$0.16
8/24/2025,3:0 AM,$0.14
8/24/2025,4:0 AM,$0.16
8/24/2025,5:0 AM,$0.11
8/24/2025,6:0 AM,$0.16
8/24/2025,7:0 AM,$0.14
8/24/2025,8:0 AM,$0.13
8/24/2025,9:0 AM,$0.24
8/24/2025,10:0 AM,$0.12
8/24/2025,11:0 AM,$0.16
8/24/2025,12:0 PM,$0.16
8/24/2025,1:0 PM,$0.05
8/24/2025,2:0 PM,$0.11
8/24/2025,3:0 PM,$0.04
8/24/2025,4:0 PM,$0.11
8/24/2025,5:0 PM,$0.48
8/24/2025,6:0 PM,$0.31
8/24/2025,7:0 PM,$0.43
8/24/2025,8:0 PM,$0.48
8/24/2025,9:0 PM,$0.21
8/24/2025,10:0 PM,$0.23
8/24/2025,11:0 PM,$0.25
8/25/2025,12:0 AM,$0.17
8/25/2025,1:0 AM,$0.17
8/25/2025,2:0 AM,$0.16
8/25/2025,3:0 AM,$0.15
8/25/2025,4:0 AM,$0.21
8/25/2025,5:0 AM,$0.14
8/25/2025,6:0 AM,$0.14
8/25/2025,7:0 AM,$0.13
8/25/2025,8:0 AM,$0.15
8/25/2025,9:0 AM,$0.36
8/25/2025,10:0 AM,$0.62
8/25/2025,11:0 AM,$0.58
8/25/2025,12:0 PM,$0.56
8/25/2025,1:0 PM,$0.62
8/25/2025,2:0 PM,$0.34
8/25/2025,3:0 PM,$0.30
8/25/2025,4:0 PM,$0.19
8/25/2025,5:0 PM,$0.17
8/25/2025,6:0 PM,$0.16
8/25/2025,7:0 PM,$0.15
8/25/2025,8:0 PM,$0.22
8/25/2025,9:0 PM,$0.22
8/25/2025,10:0 PM,$0.20
8/25/2025,11:0 PM,$0.15
8/26/2025,12:0 AM,$0.17
8/26/2025,1:0 AM,$0.12
8/26/2025,2:0 AM,$0.07
8/26/2025,3:0 AM,$0.11
8/26/2025,4:0 AM,$0.11
8/26/2025,5:0 AM,$0.11
8/26/2025,6:0 AM,$0.10
8/26/2025,7:0 AM,$0.05
8/26/2025,8:0 AM,$0.19
8/26/2025,9:0 AM,$0.24
8/26/2025,10:0 AM,$0.14
8/26/2025,11:0 AM,$0.16
8/26/2025,12:0 PM,$0.12
8/26/2025,1:0 PM,$0.13
8/26/2025,2:0 PM,$0.14
8/26/2025,3:0 PM,$0.21
8/26/2025,4:0 PM,$0.24
8/26/2025,5:0 PM,$0.17
8/26/2025,6:0 PM,$0.16
8/26/2025,7:0 PM,$0.14
8/26/2025,8:0 PM,$0.14
8/26/2025,9:0 PM,$0.34
8/26/2025,10:0 PM,$0.18
8/26/2025,11:0 PM,$0.12
8/27/2025,12:0 AM,$0.19
8/27/2025,1:0 AM,$0.12
8/27/2025,2:0 AM,$0.11
8/27/2025,3:0 AM,$0.10
8/27/2025,4:0 AM,$0.10
8/27/2025,5:0 AM,$0.10
8/27/2025,6:0 AM,$0.10
8/27/2025,7:0 AM,$0.05
8/27/2025,8:0 AM,$0.15
8/27/2025,9:0 AM,$0.09
8/27/2025,10:0 AM,$0.11
8/27/2025,11:0 AM,$0.10
8/27/2025,12:0 PM,$0.05
8/27/2025,1:0 PM,$0.05
8/27/2025,2:0 PM,$0.04
8/27/2025,3:0 PM,$0.04
8/27/2025,4:0 PM,$0.11
8/27/2025,5:0 PM,$0.04
8/27/2025,6:0 PM,$0.37
8/27/2025,7:0 PM,$0.29
8/27/2025,8:0 PM,$0.29
8/27/2025,9:0 PM,$0.16
8/27/2025,10:0 PM,$0.12
8/27/2025,11:0 PM,$0.18
8/28/2025,12:0 AM,$0.12
8/28/2025,1:0 AM,$0.12
8/28/2025,2:0 AM,$0.17
8/28/2025,3:0 AM,$0.12
8/28/2025,4:0 AM,$0.09
8/28/2025,5:0 AM,$0.10
8/28/2025,6:0 AM,$0.10
8/28/2025,7:0 AM,$0.10
8/28/2025,8:0 AM,$0.07
8/28/2025,9:0 AM,$0.13
8/28/2025,10:0 AM,$0.34
8/28/2025,11:0 AM,$0.11
8/28/2025,12:0 PM,$0.17
8/28/2025,1:0 PM,$0.10
8/28/2025,2:0 PM,$0.05
8/28/2025,3:0 PM,$0.05
8/28/2025,4:0 PM,$0.05
8/28/2025,5:0 PM,$0.05
8/28/2025,6:0 PM,$0.05
8/28/2025,7:0 PM,$0.35
8/28/2025,8:0 PM,$0.32
8/28/2025,9:0 PM,$0.46
8/28/2025,10:0 PM,$0.45
8/28/2025,11:0 PM,$0.30
8/29/2025,12:0 AM,$0.19
8/29/2025,1:0 AM,$0.11
8/29/2025,2:0 AM,$0.17
8/29/2025,3:0 AM,$0.10
8/29/2025,4:0 AM,$0.10
8/29/2025,5:0 AM,$0.11
8/29/2025,6:0 AM,$0.06
8/29/2025,7:0 AM,$0.17
8/29/2025,8:0 AM,$0.11
8/29/2025,9:0 AM,$0.05
8/29/2025,10:0 AM,$0.05
8/29/2025,11:0 AM,$0.05
8/29/2025,12:0 PM,$0.08
8/29/2025,1:0 PM,$0.08
8/29/2025,2:0 PM,$0.13
8/29/2025,3:0 PM,$0.20
8/29/2025,4:0 PM,$0.22
8/29/2025,5:0 PM,$0.32
8/29/2025,6:0 PM,$0.19
8/29/2025,7:0 PM,$0.20
8/29/2025,8:0 PM,$0.53
8/29/2025,9:0 PM,$0.31
8/29/2025,10:0 PM,$0.19
8/29/2025,11:0 PM,$0.12
8/30/2025,12:0 AM,$0.25
8/30/2025,1:0 AM,$0.17
8/30/2025,2:0 AM,$0.12
8/30/2025,3:0 AM,$0.11
8/30/2025,4:0 AM,$0.12
8/30/2025,5:0 AM,$0.11
8/30/2025,6:0 AM,$0.11
8/30/2025,7:0 AM,$0.10
8/30/2025,8:0 AM,$0.11
8/30/2025,9:0 AM,$0.18
8/30/2025,10:0 AM,$0.11
8/30/2025,11:0 AM,$0.11
8/30/2025,12:0 PM,$0.12
8/30/2025,1:0 PM,$0.13
8/30/2025,2:0 PM,$0.31
8/30/2025,3:0 PM,$0.28
8/30/2025,4:0 PM,$0.19
8/30/2025,5:0 PM,$0.31
8/30/2025,6:0 PM,$0.33
8/30/2025,7:0 PM,$0.61
8/30/2025,8:0 PM,$0.33
8/30/2025,9:0 PM,$0.21
8/30/2025,10:0 PM,$0.28
8/30/2025,11:0 PM,$0.21
8/31/2025,12:0 AM,$0.13
8/31/2025,1:0 AM,$0.16
8/31/2025,2:0 AM,$0.13
8/31/2025,3:0 AM,$0.11
8/31/2025,4:0 AM,$0.11
8/31/2025,5:0 AM,$0.12
8/31/2025,6:0 AM,$0.18
8/31/2025,7:0 AM,$0.10
8/31/2025,8:0 AM,$0.12
8/31/2025,9:0 AM,$0.12
8/31/2025,10:0 AM,$0.15
8/31/2025,11:0 AM,$0.12
8/31/2025,12:0 PM,$0.18
8/31/2025,1:0 PM,$0.42
8/31/2025,2:0 PM,$0.31
8/31/2025,3:0 PM,$0.42
8/31/2025,4:0 PM,$0.42
8/31/2025,5:0 PM,$0.37
8/31/2025,6:0 PM,$0.41
8/31/2025,7:0 PM,$0.24
8/31/2025,8:0 PM,$0.26
8/31/2025,9:0 PM,$0.45
8/31/2025,10:0 PM,$0.17
8/31/2025,11:0 PM,$0.16
9/1/2025,12:0 AM,$0.25
9/1/2025,1:0 AM,$0.12
9/1/2025,2:0 AM,$0.11
9/1/2025,3:0 AM,$0.16
9/1/2025,4:0 AM,$0.11
9/1/2025,5:0 AM,$0.11
9/1/2025,6:0 AM,$0.11
9/1/2025,7:0 AM,$0.11
9/1/2025,8:0 AM,$0.11
9/1/2025,9:0 AM,$0.17
9/1/2025,10:0 AM,$0.05
9/1/2025,11:0 AM,$0.19
9/1/2025,12:0 PM,$0.15
9/1/2025,1:0 PM,$0.28
9/1/2025,2:0 PM,$0.28
9/1/2025,3:0 PM,$0.26
9/1/2025,4:0 PM,$0.25
9/1/2025,5:0 PM,$0.10
9/1/2025,6:0 PM,$0.13
9/1/2025,7:0 PM,$0.22
9/1/2025,8:0 PM,$0.32
9/1/2025,9:0 PM,$0.25
9/1/2025,10:0 PM,$0.18
9/1/2025,11:0 PM,$0.13
9/2/2025,12:0 AM,$0.16
9/2/2025,1:0 AM,$0.14
9/2/2025,2:0 AM,$0.11
9/2/2025,3:0 AM,$0.11
9/2/2025,4:0 AM,$0.12
9/2/2025,5:0 AM,$0.18
9/2/2025,6:0 AM,$0.11
9/2/2025,7:0 AM,$0.12
9/2/2025,8:0 AM,$0.18
9/2/2025,9:0 AM,$0.26
9/2/2025,10:0 AM,$0.58
9/2/2025,11:0 AM,$0.32
9/2/2025,12:0 PM,$0.69
9/2/2025,1:0 PM,$0.60
9/2/2025,2:0 PM,$0.33
9/2/2025,3:0 PM,$0.73
9/2/2025,4:0 PM,$0.36
9/2/2025,5:0 PM,$0.28
9/2/2025,6:0 PM,$0.55
9/2/2025,7:0 PM,$0.26
9/2/2025,8:0 PM,$0.23
9/2/2025,9:0 PM,$0.28
9/2/2025,10:0 PM,$0.19
9/2/2025,11:0 PM,$0.14
9/3/2025,12:0 AM,$0.21
9/3/2025,1:0 AM,$0.17
9/3/2025,2:0 AM,$0.12
9/3/2025,3:0 AM,$0.11
9/3/2025,4:0 AM,$0.11
9/3/2025,5:0 AM,$0.10
9/3/2025,6:0 AM,$0.11
9/3/2025,7:0 AM,$0.10
9/3/2025,8:0 AM,$0.13
9/3/2025,9:0 AM,$0.19
9/3/2025,10:0 AM,$0.12
9/3/2025,11:0 AM,$0.17
9/3/2025,12:0 PM,$0.14
9/3/2025,1:0 PM,$0.18
9/3/2025,2:0 PM,$0.20
9/3/2025,3:0 PM,$0.20
9/3/2025,4:0 PM,$0.21
9/3/2025,5:0 PM,$0.44
9/3/2025,6:0 PM,$0.18
9/3/2025,7:0 PM,$0.33
9/3/2025,8:0 PM,$0.20
9/3/2025,9:0 PM,$0.18
9/3/2025,10:0 PM,$0.13
9/3/2025,11:0 PM,$0.24
9/4/2025,12:0 AM,$0.11
9/4/2025,1:0 AM,$0.11
9/4/2025,2:0 AM,$0.09
9/4/2025,3:0 AM,$0.07
9/4/2025,4:0 AM,$0.10
9/4/2025,5:0 AM,$0.11
9/4/2025,6:0 AM,$0.11
9/4/2025,7:0 AM,$0.09
9/4/2025,8:0 AM,$0.11
9/4/2025,9:0 AM,$0.41
9/4/2025,10:0 AM,$0.22
9/4/2025,11:0 AM,$0.25
9/4/2025,12:0 PM,$0.15
9/4/2025,1:0 PM,$0.25
9/4/2025,2:0 PM,$0.20
9/4/2025,3:0 PM,$0.14
9/4/2025,4:0 PM,$0.17
9/4/2025,5:0 PM,$0.51
9/4/2025,6:0 PM,$0.40
9/4/2025,7:0 PM,$0.20
9/4/2025,8:0 PM,$0.36
9/4/2025,9:0 PM,$0.12
9/4/2025,10:0 PM,$0.38
9/4/2025,11:0 PM,$0.14
9/5/2025,12:0 AM,$0.13
9/5/2025,1:0 AM,$0.11
9/5/2025,2:0 AM,$0.11
9/5/2025,3:0 AM,$0.11
9/5/2025,4:0 AM,$0.13
9/5/2025,5:0 AM,$0.10
9/5/2025,6:0 AM,$0.10
9/5/2025,7:0 AM,$0.05
9/5/2025,8:0 AM,$0.13
9/5/2025,9:0 AM,$0.13
9/5/2025,10:0 AM,$0.14
9/5/2025,11:0 AM,$0.17
9/5/2025,12:0 PM,$0.16
9/5/2025,1:0 PM,$0.17
9/5/2025,2:0 PM,$0.12
9/5/2025,3:0 PM,$0.19
9/5/2025,4:0 PM,$0.22
9/5/2025,5:0 PM,$0.21
9/5/2025,6:0 PM,$0.15
9/5/2025,7:0 PM,$0.14
9/5/2025,8:0 PM,$0.14
9/5/2025,9:0 PM,$0.11
9/5/2025,10:0 PM,$0.15
9/5/2025,11:0 PM,$0.11
9/6/2025,12:0 AM,$0.08
9/6/2025,1:0 AM,$0.07
9/6/2025,2:0 AM,$0.19
9/6/2025,3:0 AM,$0.10
9/6/2025,4:0 AM,$0.06
9/6/2025,5:0 AM,$0.10
9/6/2025,6:0 AM,$0.10
9/6/2025,7:0 AM,$0.05
9/6/2025,8:0 AM,$0.10
9/6/2025,9:0 AM,$0.07
9/6/2025,10:0 AM,$0.05
9/6/2025,11:0 AM,$0.12
9/6/2025,12:0 PM,$0.05
9/6/2025,1:0 PM,$0.05
9/6/2025,2:0 PM,$0.05
9/6/2025,3:0 PM,$0.04
9/6/2025,4:0 PM,$0.04
9/6/2025,5:0 PM,$0.10
9/6/2025,6:0 PM,$0.39
9/6/2025,7:0 PM,$0.61
9/6/2025,8:0 PM,$0.21
9/6/2025,9:0 PM,$0.21
9/6/2025,10:0 PM,$0.23
9/6/2025,11:0 PM,$0.26
9/7/2025,12:0 AM,$0.19
9/7/2025,1:0 AM,$0.12
9/7/2025,2:0 AM,$0.12
9/7/2025,3:0 AM,$0.11
9/7/2025,4:0 AM,$0.18
9/7/2025,5:0 AM,$0.11
9/7/2025,6:0 AM,$0.11
9/7/2025,7:0 AM,$0.08
9/7/2025,8:0 AM,$0.12
9/7/2025,9:0 AM,$0.12
9/7/2025,10:0 AM,$0.21
9/7/2025,11:0 AM,$0.26
9/7/2025,12:0 PM,$0.24
9/7/2025,1:0 PM,$0.24
9/7/2025,2:0 PM,$0.29
9/7/2025,3:0 PM,$0.65
9/7/2025,4:0 PM,$0.51
9/7/2025,5:0 PM,$0.46
9/7/2025,6:0 PM,$0.35
9/7/2025,7:0 PM,$0.34
9/7/2025,8:0 PM,$0.77
9/7/2025,9:0 PM,$0.31
9/7/2025,10:0 PM,$0.24
9/7/2025,11:0 PM,$0.20
9/8/2025,12:0 AM,$0.12
9/8/2025,1:0 AM,$0.18
9/8/2025,2:0 AM,$0.14
9/8/2025,3:0 AM,$0.12
9/8/2025,4:0 AM,$0.12
9/8/2025,5:0 AM,$0.17
9/8/2025,6:0 AM,$0.11
9/8/2025,7:0 AM,$0.11
9/8/2025,8:0 AM,$0.10
9/8/2025,9:0 AM,$0.68
9/8/2025,10:0 AM,$0.69
9/8/2025,11:0 AM,$0.40
9/8/2025,12:0 PM,$0.30
9/8/2025,1:0 PM,$0.18
9/8/2025,2:0 PM,$0.61
9/8/2025,3:0 PM,$0.46
9/8/2025,4:0 PM,$0.28
9/8/2025,5:0 PM,$0.23
9/8/2025,6:0 PM,$0.25
9/8/2025,7:0 PM,$0.18
9/8/2025,8:0 PM,$0.19
9/8/2025,9:0 PM,$0.18
9/8/2025,10:0 PM,$0.20
9/8/2025,11:0 PM,$0.14
9/9/2025,12:0 AM,$0.19
9/9/2025,1:0 AM,$0.12
9/9/2025,2:0 AM,$0.11
9/9/2025,3:0 AM,$0.12
9/9/2025,4:0 AM,$0.22
9/9/2025,5:0 AM,$0.10
9/9/2025,6:0 AM,$0.07
9/9/2025,7:0 AM,$0.10
9/9/2025,8:0 AM,$0.10
9/9/2025,9:0 AM,$0.10
9/9/2025,10:0 AM,$0.21
9/9/2025,11:0 AM,$0.10
9/9/2025,12:0 PM,$0.10
9/9/2025,1:0 PM,$0.05
9/9/2025,2:0 PM,$0.05
9/9/2025,3:0 PM,$0.06
9/9/2025,4:0 PM,$0.41
9/9/2025,5:0 PM,$0.53
9/9/2025,6:0 PM,$0.35
9/9/2025,7:0 PM,$0.25
9/9/2025,8:0 PM,$0.37
9/9/2025,9:0 PM,$0.18
9/9/2025,10:0 PM,$0.20
9/9/2025,11:0 PM,$0.15
9/10/2025,12:0 AM,$0.23
9/10/2025,1:0 AM,$0.16
9/10/2025,2:0 AM,$0.13
9/10/2025,3:0 AM,$0.11
9/10/2025,4:0 AM,$0.11
9/10/2025,5:0 AM,$0.10
9/10/2025,6:0 AM,$0.10
9/10/2025,7:0 AM,$0.11
9/10/2025,8:0 AM,$0.12
9/10/2025,9:0 AM,$0.36
9/10/2025,10:0 AM,$0.15
9/10/2025,11:0 AM,$0.05
9/10/2025,12:0 PM,$0.12
9/10/2025,1:0 PM,$0.05
9/10/2025,2:0 PM,$0.05
9/10/2025,3:0 PM,$0.05
9/10/2025,4:0 PM,$0.05
9/10/2025,5:0 PM,$0.11
9/10/2025,6:0 PM,$0.24
9/10/2025,7:0 PM,$0.27
9/10/2025,8:0 PM,$0.21
9/10/2025,9:0 PM,$0.18
9/10/2025,10:0 PM,$0.17
9/10/2025,11:0 PM,$0.42
9/11/2025,12:0 AM,$0.12
9/11/2025,1:0 AM,$0.11
9/11/2025,2:0 AM,$0.10
9/11/2025,3:0 AM,$0.10
9/11/2025,4:0 AM,$0.16
9/11/2025,5:0 AM,$0.10
9/11/2025,6:0 AM,$0.10
9/11/2025,7:0 AM,$0.11
9/11/2025,8:0 AM,$0.08
9/11/2025,9:0 AM,$0.16
9/11/2025,10:0 AM,$0.14
9/11/2025,11:0 AM,$0.25
9/11/2025,12:0 PM,$0.19
9/11/2025,1:0 PM,$0.16
9/11/2025,2:0 PM,$0.17
9/11/2025,3:0 PM,$0.22
9/11/2025,4:0 PM,$0.29
9/11/2025,5:0 PM,$0.19
9/11/2025,6:0 PM,$0.17
9/11/2025,7:0 PM,$0.32
9/11/2025,8:0 PM,$0.22
9/11/2025,9:0 PM,$0.16
9/11/2025,10:0 PM,$0.19
9/11/2025,11:0 PM,$0.12
9/12/2025,12:0 AM,$0.12
9/12/2025,1:0 AM,$0.17
9/12/2025,2:0 AM,$0.11
9/12/2025,3:0 AM,$0.11
9/12/2025,4:0 AM,$0.09
9/12/2025,5:0 AM,$0.09
9/12/2025,6:0 AM,$0.14
9/12/2025,7:0 AM,$0.06
9/12/2025,8:0 AM,$0.18
9/12/2025,9:0 AM,$0.05
9/12/2025,10:0 AM,$0.09
9/12/2025,11:0 AM,$0.05
9/12/2025,12:0 PM,$0.05
9/12/2025,1:0 PM,$0.05
9/12/2025,2:0 PM,$0.05
9/12/2025,3:0 PM,$0.04
9/12/2025,4:0 PM,$0.09
9/12/2025,5:0 PM,$0.10
9/12/2025,6:0 PM,$0.35
9/12/2025,7:0 PM,$0.21
9/12/2025,8:0 PM,$0.16
9/12/2025,9:0 PM,$0.11
9/12/2025,10:0 PM,$0.11
9/12/2025,11:0 PM,$0.14
9/13/2025,12:0 AM,$0.18
9/13/2025,1:0 AM,$0.10
9/13/2025,2:0 AM,$0.10
9/13/2025,3:0 AM,$0.08
9/13/2025,4:0 AM,$0.06
9/13/2025,5:0 AM,$0.05
9/13/2025,6:0 AM,$0.09
9/13/2025,7:0 AM,$0.05
9/13/2025,8:0 AM,$0.07
9/13/2025,9:0 AM,$0.10
9/13/2025,10:0 AM,$0.20
9/13/2025,11:0 AM,$0.20
9/13/2025,12:0 PM,$0.24
9/13/2025,1:0 PM,$0.22
9/13/2025,2:0 PM,$0.24
9/13/2025,3:0 PM,$0.22
9/13/2025,4:0 PM,$0.22
9/13/2025,5:0 PM,$0.12
9/13/2025,6:0 PM,$0.13
9/13/2025,7:0 PM,$0.56
9/13/2025,8:0 PM,$0.70
9/13/2025,9:0 PM,$0.62
9/13/2025,10:0 PM,$0.27
9/13/2025,11:0 PM,$0.25
9/14/2025,12:0 AM,$0.28
9/14/2025,1:0 AM,$0.16
9/14/2025,2:0 AM,$0.11
9/14/2025,3:0 AM,$0.11
9/14/2025,4:0 AM,$0.10
9/14/2025,5:0 AM,$0.09
9/14/2025,6:0 AM,$0.06
9/14/2025,7:0 AM,$0.10
9/14/2025,8:0 AM,$0.11
9/14/2025,9:0 AM,$0.21
9/14/2025,10:0 AM,$0.20
9/14/2025,11:0 AM,$0.26
9/14/2025,12:0 PM,$0.27
9/14/2025,1:0 PM,$0.20
9/14/2025,2:0 PM,$0.28
9/14/2025,3:0 PM,$0.20
9/14/2025,4:0 PM,$0.29
9/14/2025,5:0 PM,$0.15
9/14/2025,6:0 PM,$0.14
9/14/2025,7:0 PM,$0.14
9/14/2025,8:0 PM,$0.13
9/14/2025,9:0 PM,$0.17
9/14/2025,10:0 PM,$0.16
9/14/2025,11:0 PM,$0.10
9/15/2025,12:0 AM,$0.12
9/15/2025,1:0 AM,$0.11
9/15/2025,2:0 AM,$0.11
9/15/2025,3:0 AM,$0.09
9/15/2025,4:0 AM,$0.10
9/15/2025,5:0 AM,$0.14
9/15/2025,6:0 AM,$0.08
9/15/2025,7:0 AM,$0.10
9/15/2025,8:0 AM,$0.21
9/15/2025,9:0 AM,$0.52
9/15/2025,10:0 AM,$0.36
9/15/2025,11:0 AM,$0.46
9/15/2025,12:0 PM,$0.54
9/15/2025,1:0 PM,$0.48
9/15/2025,2:0 PM,$0.65
9/15/2025,3:0 PM,$0.36
9/15/2025,4:0 PM,$0.26
9/15/2025,5:0 PM,$0.54
9/15/2025,6:0 PM,$0.21
9/15/2025,7:0 PM,$0.29
9/15/2025,8:0 PM,$0.25
9/15/2025,9:0 PM,$0.22
9/15/2025,10:0 PM,$0.25
9/15/2025,11:0 PM,$0.11
9/16/2025,12:0 AM,$0.12
9/16/2025,1:0 AM,$0.16
9/16/2025,2:0 AM,$0.17
9/16/2025,3:0 AM,$0.09
9/16/2025,4:0 AM,$0.07
9/16/2025,5:0 AM,$0.11
9/16/2025,6:0 AM,$0.10
9/16/2025,7:0 AM,$0.10
9/16/2025,8:0 AM,$0.11
9/16/2025,9:0 AM,$0.12
9/16/2025,10:0 AM,$0.25
9/16/2025,11:0 AM,$0.18
9/16/2025,12:0 PM,$0.12
9/16/2025,1:0 PM,$0.19
9/16/2025,2:0 PM,$0.20
9/16/2025,3:0 PM,$0.21
9/16/2025,4:0 PM,$0.28
9/16/2025,5:0 PM,$0.24
9/16/2025,6:0 PM,$0.25
9/16/2025,7:0 PM,$0.23
9/16/2025,8:0 PM,$0.15
9/16/2025,9:0 PM,$0.35
9/16/2025,10:0 PM,$0.14
9/16/2025,11:0 PM,$0.11
9/17/2025,12:0 AM,$0.16
9/17/2025,1:0 AM,$0.25
9/17/2025,2:0 AM,$0.19
9/17/2025,3:0 AM,$0.13
9/17/2025,4:0 AM,$0.12
9/17/2025,5:0 AM,$0.12
9/17/2025,6:0 AM,$0.11
9/17/2025,7:0 AM,$0.12
9/17/2025,8:0 AM,$0.22
9/17/2025,9:0 AM,$0.16
9/17/2025,10:0 AM,$0.15
9/17/2025,11:0 AM,$0.46
9/17/2025,12:0 PM,$0.27
9/17/2025,1:0 PM,$0.18
9/17/2025,2:0 PM,$0.30
9/17/2025,3:0 PM,$0.27
9/17/2025,4:0 PM,$0.35
9/17/2025,5:0 PM,$0.20
9/17/2025,6:0 PM,$0.19
9/17/2025,7:0 PM,$0.16
9/17/2025,8:0 PM,$0.21
9/17/2025,9:0 PM,$0.14
9/17/2025,10:0 PM,$0.21
9/17/2025,11:0 PM,$0.21
9/18/2025,12:0 AM,$0.27
9/18/2025,1:0 AM,$0.17
9/18/2025,2:0 AM,$0.20
9/18/2025,3:0 AM,$0.16
9/18/2025,4:0 AM,$0.14
9/18/2025,5:0 AM,$0.13
9/18/2025,6:0 AM,$0.13
9/18/2025,7:0 AM,$0.13
9/18/2025,8:0 AM,$0.16
9/18/2025,9:0 AM,$0.23
9/18/2025,10:0 AM,$0.38
9/18/2025,11:0 AM,$0.25
9/18/2025,12:0 PM,$0.20
9/18/2025,1:0 PM,$0.25
9/18/2025,2:0 PM,$0.16
9/18/2025,3:0 PM,$0.19
9/18/2025,4:0 PM,$0.21
9/18/2025,5:0 PM,$0.25
9/18/2025,6:0 PM,$0.18
9/18/2025,7:0 PM,$0.14
9/18/2025,8:0 PM,$0.17
9/18/2025,9:0 PM,$0.20
9/18/2025,10:0 PM,$0.29
9/18/2025,11:0 PM,$0.19
9/19/2025,12:0 AM,$0.17
9/19/2025,1:0 AM,$0.17
9/19/2025,2:0 AM,$0.16
9/19/2025,3:0 AM,$0.15
9/19/2025,4:0 AM,$0.20
9/19/2025,5:0 AM,$0.14
9/19/2025,6:0 AM,$0.13
9/19/2025,7:0 AM,$0.14
9/19/2025,8:0 AM,$0.15
9/19/2025,9:0 AM,$0.22
9/19/2025,10:0 AM,$0.21
9/19/2025,11:0 AM,$0.31
9/19/2025,12:0 PM,$0.19
9/19/2025,1:0 PM,$0.27
9/19/2025,2:0 PM,$0.24
9/19/2025,3:0 PM,$0.25
9/19/2025,4:0 PM,$0.24
9/19/2025,5:0 PM,$0.30
9/19/2025,6:0 PM,$0.15
9/19/2025,7:0 PM,$0.14
9/19/2025,8:0 PM,$0.10
9/19/2025,9:0 PM,$0.28
9/19/2025,10:0 PM,$0.16
9/19/2025,11:0 PM,$0.19
9/20/2025,12:0 AM,$0.21
9/20/2025,1:0 AM,$0.14
9/20/2025,2:0 AM,$0.14
9/20/2025,3:0 AM,$0.17
9/20/2025,4:0 AM,$0.12
9/20/2025,5:0 AM,$0.11
9/20/2025,6:0 AM,$0.07
9/20/2025,7:0 AM,$0.17
9/20/2025,8:0 AM,$0.11
9/20/2025,9:0 AM,$0.20
9/20/2025,10:0 AM,$0.15
9/20/2025,11:0 AM,$0.33
9/20/2025,12:0 PM,$0.05
9/20/2025,1:0 PM,$0.19
9/20/2025,2:0 PM,$0.14
9/20/2025,3:0 PM,$0.23
9/20/2025,4:0 PM,$0.25
9/20/2025,5:0 PM,$0.05
9/20/2025,6:0 PM,$0.05
9/20/2025,7:0 PM,$0.05
9/20/2025,8:0 PM,$0.05
9/20/2025,9:0 PM,$0.29
9/20/2025,10:0 PM,$0.37
9/20/2025,11:0 PM,$0.39
9/21/2025,12:0 AM,$0.23
9/21/2025,1:0 AM,$0.26
9/21/2025,2:0 AM,$0.13
9/21/2025,3:0 AM,$0.12
9/21/2025,4:0 AM,$0.17
9/21/2025,5:0 AM,$0.12
9/21/2025,6:0 AM,$0.11
9/21/2025,7:0 AM,$0.11
9/21/2025,8:0 AM,$0.12
9/21/2025,9:0 AM,$0.17
9/21/2025,10:0 AM,$0.50
9/21/2025,11:0 AM,$0.19
9/21/2025,12:0 PM,$0.31
9/21/2025,1:0 PM,$0.18
9/21/2025,2:0 PM,$0.22
9/21/2025,3:0 PM,$0.20
9/21/2025,4:0 PM,$0.19
9/21/2025,5:0 PM,$0.19
9/21/2025,6:0 PM,$0.18
9/21/2025,7:0 PM,$0.13
9/21/2025,8:0 PM,$0.17
9/21/2025,9:0 PM,$0.25
9/21/2025,10:0 PM,$0.13
9/21/2025,11:0 PM,$0.20
9/22/2025,12:0 AM,$0.13
9/22/2025,1:0 AM,$0.11
9/22/2025,2:0 AM,$0.12
9/22/2025,3:0 AM,$0.10
9/22/2025,4:0 AM,$0.06
9/22/2025,5:0 AM,$0.10
9/22/2025,6:0 AM,$0.07
9/22/2025,7:0 AM,$0.09
9/22/2025,8:0 AM,$0.05
9/22/2025,9:0 AM,$0.18
9/22/2025,10:0 AM,$0.10
9/22/2025,11:0 AM,$0.25
9/22/2025,12:0 PM,$0.16
9/22/2025,1:0 PM,$0.21
9/22/2025,2:0 PM,$0.08
9/22/2025,3:0 PM,$0.10
9/22/2025,4:0 PM,$0.04
9/22/2025,5:0 PM,$0.04
9/22/2025,6:0 PM,$0.04
9/22/2025,7:0 PM,$0.04
9/22/2025,8:0 PM,$0.05
9/22/2025,9:0 PM,$0.07
9/22/2025,10:0 PM,$0.42
9/22/2025,11:0 PM,$0.18
9/23/2025,12:0 AM,$0.21
9/23/2025,1:0 AM,$0.12
9/23/2025,2:0 AM,$0.11
9/23/2025,3:0 AM,$0.11
9/23/2025,4:0 AM,$0.10
9/23/2025,5:0 AM,$0.05
9/23/2025,6:0 AM,$0.11
9/23/2025,7:0 AM,$0.10
9/23/2025,8:0 AM,$0.11
9/23/2025,9:0 AM,$0.11
9/23/2025,10:0 AM,$0.04
9/23/2025,11:0 AM,$0.04
9/23/2025,12:0 PM,$0.13
9/23/2025,1:0 PM,$0.05
9/23/2025,2:0 PM,$0.04
9/23/2025,3:0 PM,$0.04
9/23/2025,4:0 PM,$0.04
9/23/2025,5:0 PM,$0.04
9/23/2025,6:0 PM,$0.20
9/23/2025,7:0 PM,$0.29
9/23/2025,8:0 PM,$0.41
9/23/2025,9:0 PM,$0.20
9/23/2025,10:0 PM,$0.21
9/23/2025,11:0 PM,$0.26
9/24/2025,12:0 AM,$0.13
9/24/2025,1:0 AM,$0.12
9/24/2025,2:0 AM,$0.13
9/24/2025,3:0 AM,$0.14
9/24/2025,4:0 AM,$0.11
9/24/2025,5:0 AM,$0.09
9/24/2025,6:0 AM,$0.11
9/24/2025,7:0 AM,$0.11
9/24/2025,8:0 AM,$0.18
9/24/2025,9:0 AM,$0.10
9/24/2025,10:0 AM,$0.10
9/24/2025,11:0 AM,$0.10
9/24/2025,12:0 PM,$0.04
9/24/2025,1:0 PM,$0.05
9/24/2025,2:0 PM,$0.04
9/24/2025,3:0 PM,$0.04
9/24/2025,4:0 PM,$0.04
9/24/2025,5:0 PM,$0.09
9/24/2025,6:0 PM,$0.45
9/24/2025,7:0 PM,$0.25
9/24/2025,8:0 PM,$0.19
9/24/2025,9:0 PM,$0.28
9/24/2025,10:0 PM,$0.18
9/24/2025,11:0 PM,$0.17
9/25/2025,12:0 AM,$0.16
9/25/2025,1:0 AM,$0.12
9/25/2025,2:0 AM,$0.12
9/25/2025,3:0 AM,$0.12
9/25/2025,4:0 AM,$0.11
9/25/2025,5:0 AM,$0.09
9/25/2025,6:0 AM,$0.11
9/25/2025,7:0 AM,$0.11
9/25/2025,8:0 AM,$0.11
9/25/2025,9:0 AM,$0.12
9/25/2025,10:0 AM,$0.20
9/25/2025,11:0 AM,$0.11
9/25/2025,12:0 PM,$0.09
9/25/2025,1:0 PM,$0.09
9/25/2025,2:0 PM,$0.04
9/25/2025,3:0 PM,$0.04
9/25/2025,4:0 PM,$0.04
9/25/2025,5:0 PM,$0.04
9/25/2025,6:0 PM,$0.34
9/25/2025,7:0 PM,$0.62
9/25/2025,8:0 PM,$0.73
9/25/2025,9:0 PM,$0.86
9/25/2025,10:0 PM,$0.42
9/25/2025,11:0 PM,$0.58
9/26/2025,12:0 AM,$0.20
9/26/2025,1:0 AM,$0.12
9/26/2025,2:0 AM,$0.17
9/26/2025,3:0 AM,$0.11
9/26/2025,4:0 AM,$0.11
9/26/2025,5:0 AM,$0.10
9/26/2025,6:0 AM,$0.10
9/26/2025,7:0 AM,$0.17
9/26/2025,8:0 AM,$0.34
9/26/2025,9:0 AM,$0.50
9/26/2025,10:0 AM,$0.23
9/26/2025,11:0 AM,$0.14
9/26/2025,12:0 PM,$0.14
9/26/2025,1:0 PM,$0.13
9/26/2025,2:0 PM,$0.15
9/26/2025,3:0 PM,$0.08
9/26/2025,4:0 PM,$0.15
9/26/2025,5:0 PM,$0.10
9/26/2025,6:0 PM,$0.11
9/26/2025,7:0 PM,$0.18
9/26/2025,8:0 PM,$0.12
9/26/2025,9:0 PM,$0.11
9/26/2025,10:0 PM,$0.10
9/26/2025,11:0 PM,$0.06
